{"records": [
    {
        "jsonSchemaLocation": "/Get_Dogs.module/Service Descriptors/get_dogs.module.Process-Dogs.json",
        "conversionType": "linked"
    },
    {
        "jsonSchemaLocation": "/Get_Dogs.module/Service Descriptors/get_dogs.module.Process-Dogs.json",
        "conversionType": "linked",
        "xsdSchemaTargetNamespace": "http://www.adogtion.com/Dogs"
    },
    {
        "jsonSchemaLocation": "/Get_Dogs.module/Service Descriptors/get_dogs.module.Process-Dogs.json",
        "conversionType": "linked",
        "xsdSchemaTargetNamespace": "Dogs"
    },
    {
        "jsonSchemaLocation": "/Get_Dogs.module/Service Descriptors/get_dogs.module.Process-Dog.json",
        "conversionType": "linked",
        "xsdSchemaTargetNamespace": "Dogs"
    }
]}