{
  "swagger" : "2.0",
  "info" : {
    "version" : "1.0",
    "title" : "Dog Services",
    "description" : "Dog Services"
  },
  "host" : "localhost:8080",
  "basePath" : "/",
  "schemes" : [ "http" ],
  "paths" : {
    "/dogs" : {
      "get" : {
        "summary" : "",
        "description" : "",
        "operationId" : "get-dogs",
        "consumes" : [ "application/json" ],
        "produces" : [ "application/json" ],
        "parameters" : [ ],
        "responses" : {
          "200" : {
            "description" : "a Dogs to be returned",
            "schema" : {
              "$ref" : "#/definitions/Dogs"
            }
          }
        }
      }
    }
  },
  "definitions" : {
    "Dogs" : {
      "type" : "object",
      "properties" : {
        "Dog" : {
          "type" : "array",
          "items" : {
            "$ref" : "#/definitions/Dog",
            "uniqueItems" : false
          }
        }
      }
    },
    "Dog" : {
      "type" : "object",
      "required" : [ "sex", "hasShots", "description", "breed", "altered", "houseTrained", "pic1", "size", "name", "id", "pic2", "age", "status" ],
      "properties" : {
        "id" : {
          "type" : "integer"
        },
        "name" : {
          "type" : "string"
        },
        "age" : {
          "type" : "string"
        },
        "breed" : {
          "type" : "string"
        },
        "size" : {
          "type" : "string"
        },
        "sex" : {
          "type" : "string"
        },
        "status" : {
          "type" : "string"
        },
        "altered" : {
          "type" : "string"
        },
        "hasShots" : {
          "type" : "string"
        },
        "houseTrained" : {
          "type" : "string"
        },
        "description" : {
          "type" : "string"
        },
        "pic1" : {
          "type" : "string"
        },
        "pic2" : {
          "type" : "string"
        }
      }
    }
  }
}