{"records": [
    {
        "jsonSchemaLocation": "/Dog_Adoption_Application.module/Service Descriptors/dog_adoption_application.module.Process-Dog_Adoption_Application.json",
        "conversionType": "linked",
        "xsdSchemaTargetNamespace": "Dogs"
    },
    {
        "jsonSchemaLocation": "/Dog_Adoption_Application.module/Service Descriptors/dog_adoption_application.module.Process-Adoption_Application.json",
        "conversionType": "linked",
        "xsdSchemaTargetNamespace": "Dogs"
    }
]}